Country,CountryCode,Month,Births
Afghanistan,AFG,2015-04,54.60
Afghanistan,AFG,2015-06,62.29
Afghanistan,AFG,2015-07,22.13
Afghanistan,AFG,2015-09,113.82
Afghanistan,AFG,2015-10,21.03
Afghanistan,AFG,2016-02,6.05
Afghanistan,AFG,2016-06,9.78
Albania,ALB,2015-01,4.59
Albania,ALB,2015-02,20.12
Albania,ALB,2015-03,27.30
Albania,ALB,2015-04,191.83
Albania,ALB,2015-05,166.54
Albania,ALB,2015-06,4845.96
Albania,ALB,2015-07,151.49
Albania,ALB,2015-08,316.21
Albania,ALB,2015-09,410.47
Albania,ALB,2015-10,259.43
Albania,ALB,2015-11,210.19
Albania,ALB,2015-12,226.58
Albania,ALB,2016-01,148.01
Albania,ALB,2016-02,281.88
Albania,ALB,2016-03,279.60
Albania,ALB,2016-04,358.11
Albania,ALB,2016-05,282.04
Albania,ALB,2016-06,71.41
Algeria,DZA,2015-01,38833.26
Algeria,DZA,2015-04,41.91
Algeria,DZA,2015-05,57.81
Algeria,DZA,2015-07,3.54
Algeria,DZA,2015-10,204.39
Algeria,DZA,2015-11,333.52
Algeria,DZA,2015-12,130.77
Algeria,DZA,2016-02,4.68
Algeria,DZA,2016-04,27.10
Algeria,DZA,2016-05,123.19
Algeria,DZA,2016-06,57.07
American Samoa,ASM,2015-01,37.62
American Samoa,ASM,2015-02,31.53
American Samoa,ASM,2015-03,20.42
American Samoa,ASM,2015-04,18.87
American Samoa,ASM,2015-05,12.43
American Samoa,ASM,2015-06,34.74
American Samoa,ASM,2015-07,6.25
American Samoa,ASM,2015-09,16.15
American Samoa,ASM,2015-10,27.31
American Samoa,ASM,2015-11,25.53
American Samoa,ASM,2015-12,46.48
American Samoa,ASM,2016-01,25.47
American Samoa,ASM,2016-02,23.75
Andorra,AND,2015-03,30.74
Andorra,AND,2015-06,90.64
Andorra,AND,2015-09,50.75
Andorra,AND,2015-10,58.57
Andorra,AND,2015-11,20.70
Andorra,AND,2015-12,15.82
Andorra,AND,2016-01,43.41
Andorra,AND,2016-02,1.55
Andorra,AND,2016-04,7.55
Andorra,AND,2016-05,7.32
Andorra,AND,2016-06,3.82
Angola,AGO,2015-02,271.33
Angola,AGO,2015-03,60.86
Angola,AGO,2015-05,4.27
Angola,AGO,2015-11,10.11
Angola,AGO,2016-05,17.45
Antigua and Barbuda,ATG,2015-01,1250.00
Argentina,ARG,2015-01,714.07
Argentina,ARG,2015-02,728.70
Argentina,ARG,2015-03,780.54
Argentina,ARG,2015-04,771.26
Argentina,ARG,2015-05,869.23
Argentina,ARG,2015-06,2378.65
Argentina,ARG,2015-07,1079.33
Argentina,ARG,2015-08,6699.37
Argentina,ARG,2015-09,2112.07
Argentina,ARG,2015-10,6572.25
Argentina,ARG,2015-11,6965.75
Argentina,ARG,2015-12,3238.64
Argentina,ARG,2016-01,2985.45
Argentina,ARG,2016-02,3001.12
Argentina,ARG,2016-03,4669.63
Argentina,ARG,2016-04,3183.87
Argentina,ARG,2016-05,6671.90
Argentina,ARG,2016-06,8779.18
Armenia,ARM,2015-02,19.37
Armenia,ARM,2015-03,27.64
Armenia,ARM,2015-04,52.55
Armenia,ARM,2015-05,56.40
Armenia,ARM,2015-06,143.11
Armenia,ARM,2015-07,157.82
Armenia,ARM,2015-08,68.32
Armenia,ARM,2015-09,250.04
Armenia,ARM,2015-10,363.98
Armenia,ARM,2015-11,268.67
Armenia,ARM,2015-12,228.94
Armenia,ARM,2016-01,264.10
Armenia,ARM,2016-02,331.77
Armenia,ARM,2016-03,270.83
Armenia,ARM,2016-04,205.54
Armenia,ARM,2016-05,495.32
Armenia,ARM,2016-06,478.40
Aruba,ABW,2015-12,15.64
Australia,AUS,2015-01,9678.17
Australia,AUS,2015-02,8338.57
Australia,AUS,2015-03,9211.69
Australia,AUS,2015-04,6859.20
Australia,AUS,2015-05,8264.84
Australia,AUS,2015-06,8534.45
Australia,AUS,2015-07,7556.78
Australia,AUS,2015-08,13503.16
Australia,AUS,2015-09,18577.96
Australia,AUS,2015-10,21715.46
Australia,AUS,2015-11,29081.04
Australia,AUS,2015-12,33098.52
Australia,AUS,2016-01,35778.80
Australia,AUS,2016-02,32376.29
Australia,AUS,2016-03,35407.39
Australia,AUS,2016-04,38394.46
Australia,AUS,2016-05,43876.00
Australia,AUS,2016-06,46182.03
Austria,AUT,2015-01,87.51
Austria,AUT,2015-02,77.25
Austria,AUT,2015-03,345.98
Austria,AUT,2015-04,315.89
Austria,AUT,2015-05,249.28
Austria,AUT,2015-06,299.47
Austria,AUT,2015-07,368.94
Austria,AUT,2015-08,791.13
Austria,AUT,2015-09,1426.97
Austria,AUT,2015-10,1467.88
Austria,AUT,2015-11,4740.63
Austria,AUT,2015-12,4310.03
Austria,AUT,2016-01,3508.06
Austria,AUT,2016-02,5419.37
Austria,AUT,2016-03,5368.05
Austria,AUT,2016-04,5266.47
Austria,AUT,2016-05,7144.41
Austria,AUT,2016-06,5550.21
Azerbaijan,AZE,2015-02,98.89
Azerbaijan,AZE,2015-03,213.00
Azerbaijan,AZE,2015-04,213.00
Azerbaijan,AZE,2015-05,89.32
Azerbaijan,AZE,2015-06,21.17
Azerbaijan,AZE,2015-07,5.09
Azerbaijan,AZE,2015-08,46.58
Azerbaijan,AZE,2015-10,2.77
Azerbaijan,AZE,2015-11,10.68
Azerbaijan,AZE,2015-12,1372.12
Azerbaijan,AZE,2016-01,33.44
Azerbaijan,AZE,2016-02,45.17
Azerbaijan,AZE,2016-03,80.50
Azerbaijan,AZE,2016-04,62.28
Azerbaijan,AZE,2016-05,10.96
Bahamas,BHS,2015-04,6.22
Bahamas,BHS,2015-09,23.14
Bahrain,BHR,2015-06,62.73
Bahrain,BHR,2016-01,9.80
Bahrain,BHR,2016-04,104.37
Bahrain,BHR,2016-05,34.79
Bangladesh,BGD,2015-03,8.72
Bangladesh,BGD,2015-06,11.84
Bangladesh,BGD,2015-09,31.04
Bangladesh,BGD,2015-10,447.21
Bangladesh,BGD,2015-11,568.78
Bangladesh,BGD,2015-12,660.62
Bangladesh,BGD,2016-01,2804.02
Bangladesh,BGD,2016-02,2545.30
Bangladesh,BGD,2016-03,1047.70
Bangladesh,BGD,2016-04,987.90
Bangladesh,BGD,2016-05,1520.65
Bangladesh,BGD,2016-06,1324.20
Belarus,BLR,2015-01,931.54
Belarus,BLR,2015-02,860.84
Belarus,BLR,2015-03,745.14
Belarus,BLR,2015-04,902.65
Belarus,BLR,2015-05,976.11
Belarus,BLR,2015-06,936.35
Belarus,BLR,2015-07,846.19
Belarus,BLR,2015-08,952.76
Belarus,BLR,2015-09,774.08
Belarus,BLR,2015-10,848.95
Belarus,BLR,2015-11,825.52
Belarus,BLR,2015-12,1128.69
Belarus,BLR,2016-01,731.26
Belarus,BLR,2016-02,840.29
Belarus,BLR,2016-03,817.92
Belarus,BLR,2016-04,889.03
Belarus,BLR,2016-05,1066.17
Belarus,BLR,2016-06,1503.97
Belgium,BEL,2015-01,781.06
Belgium,BEL,2015-02,3213.41
Belgium,BEL,2015-03,605.81
Belgium,BEL,2015-04,384.06
Belgium,BEL,2015-05,481.98
Belgium,BEL,2015-06,495.35
Belgium,BEL,2015-07,548.23
Belgium,BEL,2015-08,744.43
Belgium,BEL,2015-09,1379.51
Belgium,BEL,2015-10,3519.67
Belgium,BEL,2015-11,2361.51
Belgium,BEL,2015-12,2486.67
Belgium,BEL,2016-01,3645.61
Belgium,BEL,2016-02,5403.24
Belgium,BEL,2016-03,5232.08
Belgium,BEL,2016-04,3823.28
Belgium,BEL,2016-05,5786.70
Belgium,BEL,2016-06,7555.57
Belize,BLZ,2015-07,782.82
Belize,BLZ,2015-09,109.78
Belize,BLZ,2015-10,175.09
Belize,BLZ,2015-11,204.88
Belize,BLZ,2015-12,209.81
Belize,BLZ,2016-01,510.96
Belize,BLZ,2016-02,1117.74
Belize,BLZ,2016-03,901.90
Belize,BLZ,2016-04,585.08
Belize,BLZ,2016-05,2274.88
Belize,BLZ,2016-06,6012.50
Benin,BEN,2015-09,54.48
Benin,BEN,2016-03,16.40
Bermuda,BMU,2015-12,16.32
Bermuda,BMU,2016-04,3.17
Bermuda,BMU,2016-05,88.68
Bolivia,BOL,2015-04,7.99
Bolivia,BOL,2015-07,16.05
Bolivia,BOL,2015-08,103.71
Bolivia,BOL,2015-09,131.67
Bolivia,BOL,2015-10,128.04
Bolivia,BOL,2015-11,141.19
Bolivia,BOL,2015-12,151.14
Bolivia,BOL,2016-01,150.39
Bolivia,BOL,2016-02,124.55
Bolivia,BOL,2016-03,156.25
Bolivia,BOL,2016-04,190.58
Bolivia,BOL,2016-05,251.36
Bolivia,BOL,2016-06,228.42
Bosnia and Herzegovina,BIH,2015-03,4.30
Bosnia and Herzegovina,BIH,2015-08,2.07
Bosnia and Herzegovina,BIH,2015-09,1.68
Bosnia and Herzegovina,BIH,2015-10,1.84
Bosnia and Herzegovina,BIH,2015-11,29.46
Bosnia and Herzegovina,BIH,2015-12,160.30
Bosnia and Herzegovina,BIH,2016-01,40.59
Bosnia and Herzegovina,BIH,2016-02,83.75
Bosnia and Herzegovina,BIH,2016-03,51.27
Bosnia and Herzegovina,BIH,2016-04,27.07
Bosnia and Herzegovina,BIH,2016-05,89.84
Bosnia and Herzegovina,BIH,2016-06,57.15
Botswana,BWA,2015-12,15.28
Botswana,BWA,2016-01,1.94
Botswana,BWA,2016-02,2.45
Botswana,BWA,2016-03,22.04
Botswana,BWA,2016-04,33.35
Botswana,BWA,2016-05,15.83
Brazil,BRA,2015-01,13289.08
Brazil,BRA,2015-02,11965.38
Brazil,BRA,2015-03,6329.55
Brazil,BRA,2015-04,9706.54
Brazil,BRA,2015-05,6393.90
Brazil,BRA,2015-06,6932.79
Brazil,BRA,2015-07,10157.92
Brazil,BRA,2015-08,15595.45
Brazil,BRA,2015-09,35802.76
Brazil,BRA,2015-10,54365.78
Brazil,BRA,2015-11,69548.92
Brazil,BRA,2015-12,59808.08
Brazil,BRA,2016-01,61575.53
Brazil,BRA,2016-02,69632.91
Brazil,BRA,2016-03,83689.23
Brazil,BRA,2016-04,62480.70
Brazil,BRA,2016-05,103294.43
Brazil,BRA,2016-06,97189.04
Brunei Darussalam,BRN,2015-06,24.96
Brunei Darussalam,BRN,2015-07,9.51
Brunei Darussalam,BRN,2015-08,18.73
Brunei Darussalam,BRN,2015-09,11.49
Brunei Darussalam,BRN,2015-10,15.34
Brunei Darussalam,BRN,2015-11,43.81
Brunei Darussalam,BRN,2015-12,46.17
Brunei Darussalam,BRN,2016-01,39.72
Brunei Darussalam,BRN,2016-02,34.91
Brunei Darussalam,BRN,2016-03,28.26
Brunei Darussalam,BRN,2016-04,24.89
Brunei Darussalam,BRN,2016-05,37.80
Brunei Darussalam,BRN,2016-06,24.48
Bulgaria,BGR,2015-01,218.90
Bulgaria,BGR,2015-02,224.07
Bulgaria,BGR,2015-03,318.98
Bulgaria,BGR,2015-04,336.90
Bulgaria,BGR,2015-05,295.57
Bulgaria,BGR,2015-06,257.48
Bulgaria,BGR,2015-07,2183.12
Bulgaria,BGR,2015-08,1114.47
Bulgaria,BGR,2015-09,1090.50
Bulgaria,BGR,2015-10,1149.15
Bulgaria,BGR,2015-11,1023.48
Bulgaria,BGR,2015-12,448.63
Bulgaria,BGR,2016-01,540.89
Bulgaria,BGR,2016-02,485.51
Bulgaria,BGR,2016-03,550.42
Bulgaria,BGR,2016-04,333.78
Bulgaria,BGR,2016-05,459.15
Bulgaria,BGR,2016-06,293.49
Burkina Faso,BFA,2015-09,21.79
Burundi,BDI,2015-07,13.36
Burundi,BDI,2015-08,13.71
Burundi,BDI,2015-09,11.46
Burundi,BDI,2015-10,13.70
Burundi,BDI,2015-11,12.36
Burundi,BDI,2015-12,12.36
Burundi,BDI,2016-01,9.80
Burundi,BDI,2016-02,11.01
Burundi,BDI,2016-03,8.72
Burundi,BDI,2016-05,11.91
Burundi,BDI,2016-06,12.36
Cambodia,KHM,2015-01,74.36
Cambodia,KHM,2015-02,74.53
Cambodia,KHM,2015-03,88.42
Cambodia,KHM,2015-04,127.85
Cambodia,KHM,2015-05,114.66
Cambodia,KHM,2015-06,109.15
Cambodia,KHM,2015-07,97.85
Cambodia,KHM,2015-08,171.06
Cambodia,KHM,2015-09,250.68
Cambodia,KHM,2016-01,3.38
Cambodia,KHM,2016-02,23.59
Cambodia,KHM,2016-03,16.54
Cambodia,KHM,2016-04,25.36
Cambodia,KHM,2016-05,25.77
Cambodia,KHM,2016-06,25.36
Cameroon,CMR,2015-09,5.46
Cameroon,CMR,2016-05,12.21
Cameroon,CMR,2016-06,7.47
Canada,CAN,2015-01,20524.39
Canada,CAN,2015-02,17283.45
Canada,CAN,2015-03,23749.13
Canada,CAN,2015-04,23666.73
Canada,CAN,2015-05,28084.60
Canada,CAN,2015-06,25062.54
Canada,CAN,2015-07,34560.04
Canada,CAN,2015-08,34754.72
Canada,CAN,2015-09,41968.55
Canada,CAN,2015-10,72801.26
Canada,CAN,2015-11,103025.70
Canada,CAN,2015-12,96400.86
Canada,CAN,2016-01,87102.09
Canada,CAN,2016-02,122355.92
Canada,CAN,2016-03,107202.84
Canada,CAN,2016-04,101123.56
Canada,CAN,2016-05,103793.73
Canada,CAN,2016-06,103828.62
Cape Verde Islands,CPV,2015-07,15.34
Cape Verde Islands,CPV,2015-08,26.74
Cape Verde Islands,CPV,2015-09,25.84
Cape Verde Islands,CPV,2015-10,27.64
Cape Verde Islands,CPV,2015-11,25.84
Cape Verde Islands,CPV,2015-12,25.84
Cape Verde Islands,CPV,2016-01,25.84
Cape Verde Islands,CPV,2016-02,24.04
Cape Verde Islands,CPV,2016-03,26.22
Cape Verde Islands,CPV,2016-05,25.84
Cape Verde Islands,CPV,2016-06,24.94
Cayman Islands,CYM,2015-12,69.48
Cayman Islands,CYM,2016-01,47.38
Chad,TCD,2015-07,12.70
Chad,TCD,2015-08,33.48
Chad,TCD,2015-09,31.68
Chad,TCD,2015-10,41.19
Chad,TCD,2015-11,48.31
Chad,TCD,2015-12,51.80
Chad,TCD,2016-01,49.34
Chad,TCD,2016-02,43.48
Chad,TCD,2016-03,49.26
Chad,TCD,2016-04,47.41
Chad,TCD,2016-05,49.26
Chad,TCD,2016-06,48.31
Chile,CHL,2015-01,375.19
Chile,CHL,2015-02,792.41
Chile,CHL,2015-03,537.70
Chile,CHL,2015-04,446.75
Chile,CHL,2015-05,1716.37
Chile,CHL,2015-06,965.91
Chile,CHL,2015-07,664.07
Chile,CHL,2015-08,2099.18
Chile,CHL,2015-09,3645.05
Chile,CHL,2015-10,6484.77
Chile,CHL,2015-11,3916.43
Chile,CHL,2015-12,5815.22
Chile,CHL,2016-01,6161.79
Chile,CHL,2016-02,4641.29
Chile,CHL,2016-03,5317.65
Chile,CHL,2016-04,4440.24
Chile,CHL,2016-05,7700.43
Chile,CHL,2016-06,7416.74
China,CHN,2015-03,2.73
China,CHN,2015-04,2.87
China,CHN,2015-05,2.87
China,CHN,2015-06,2.67
China,CHN,2015-07,3.07
China,CHN,2015-08,3.07
China,CHN,2015-09,2.87
China,CHN,2015-10,3.04
China,CHN,2015-11,3.31
China,CHN,2015-12,36413.02
China,CHN,2016-01,38945.86
China,CHN,2016-02,42417.00
China,CHN,2016-03,34269.67
China,CHN,2016-04,30658.13
China,CHN,2016-05,35377.39
China,CHN,2016-06,36656.53
Cocos (Keeling) Islands,CCK,2016-06,27.10
Colombia,COL,2015-01,1155.12
Colombia,COL,2015-02,446.43
Colombia,COL,2015-03,317.92
Colombia,COL,2015-04,1205.53
Colombia,COL,2015-05,79785.37
Colombia,COL,2015-06,439.09
Colombia,COL,2015-07,1403.29
Colombia,COL,2015-08,5913.69
Colombia,COL,2015-09,2112.88
Colombia,COL,2015-10,6473.53
Colombia,COL,2015-11,4858.85
Colombia,COL,2015-12,4740.85
Colombia,COL,2016-01,3007.42
Colombia,COL,2016-02,6354.83
Colombia,COL,2016-03,8371.95
Colombia,COL,2016-04,7196.60
Colombia,COL,2016-05,7391.00
Colombia,COL,2016-06,10253.65
Comoros,COM,2016-03,10.48
Congo,COD,2015-01,41.57
Congo,COD,2015-02,34.83
Congo,COD,2015-03,41.57
Congo,COD,2015-04,14.61
Congo,COD,2015-06,37.48
Congo,COD,2015-07,13.75
Costa Rica,CRI,2015-01,51.29
Costa Rica,CRI,2015-02,41.58
Costa Rica,CRI,2015-03,77.49
Costa Rica,CRI,2015-04,72.45
Costa Rica,CRI,2015-05,113.17
Costa Rica,CRI,2015-06,119.82
Costa Rica,CRI,2015-07,118.08
Costa Rica,CRI,2015-08,140.18
Costa Rica,CRI,2015-09,662.18
Costa Rica,CRI,2015-10,3438.82
Costa Rica,CRI,2015-11,2590.23
Costa Rica,CRI,2015-12,1500.27
Costa Rica,CRI,2016-01,634.63
Costa Rica,CRI,2016-02,1075.25
Costa Rica,CRI,2016-03,3740.56
Costa Rica,CRI,2016-04,3762.46
Costa Rica,CRI,2016-05,2877.72
Costa Rica,CRI,2016-06,3295.01
Cote d'Ivoire,CIV,2015-12,15.38
Cote d'Ivoire,CIV,2016-04,832.94
Cote d'Ivoire,CIV,2016-05,1126.61
Cote d'Ivoire,CIV,2016-06,283.25
Croatia,HRV,2015-01,11.74
Croatia,HRV,2015-02,46.93
Croatia,HRV,2015-03,527.98
Croatia,HRV,2015-04,77.99
Croatia,HRV,2015-05,58.92
Croatia,HRV,2015-06,76.93
Croatia,HRV,2015-07,245.78
Croatia,HRV,2015-08,203.32
Croatia,HRV,2015-09,119.13
Croatia,HRV,2015-10,133.94
Croatia,HRV,2015-11,430.71
Croatia,HRV,2015-12,285.67
Croatia,HRV,2016-01,208.83
Croatia,HRV,2016-02,304.93
Croatia,HRV,2016-03,260.04
Croatia,HRV,2016-04,233.24
Croatia,HRV,2016-05,396.03
Croatia,HRV,2016-06,746.62
Cyprus,CYP,2015-08,8.22
Cyprus,CYP,2016-02,102.76
Cyprus,CYP,2016-03,44.62
Cyprus,CYP,2016-04,32.69
Cyprus,CYP,2016-05,59.39
Cyprus,CYP,2016-06,51.67
Czech Republic,CZE,2015-01,2861.21
Czech Republic,CZE,2015-02,2094.14
Czech Republic,CZE,2015-03,1974.12
Czech Republic,CZE,2015-04,2199.91
Czech Republic,CZE,2015-05,2815.82
Czech Republic,CZE,2015-06,1813.99
Czech Republic,CZE,2015-07,2071.41
Czech Republic,CZE,2015-08,2296.59
Czech Republic,CZE,2015-09,4921.20
Czech Republic,CZE,2015-10,4611.76
Czech Republic,CZE,2015-11,8807.45
Czech Republic,CZE,2015-12,8236.46
Czech Republic,CZE,2016-01,9513.25
Czech Republic,CZE,2016-02,9857.68
Czech Republic,CZE,2016-03,11462.08
Czech Republic,CZE,2016-04,4290.38
Czech Republic,CZE,2016-05,6797.53
Czech Republic,CZE,2016-06,7482.75
Denmark,DNK,2015-01,4269.52
Denmark,DNK,2015-02,3479.70
Denmark,DNK,2015-03,3973.52
Denmark,DNK,2015-04,396.20
Denmark,DNK,2015-05,482.46
Denmark,DNK,2015-06,444.40
Denmark,DNK,2015-07,518.48
Denmark,DNK,2015-08,749.22
Denmark,DNK,2015-09,2140.97
Denmark,DNK,2015-10,3901.20
Denmark,DNK,2015-11,6854.87
Denmark,DNK,2015-12,7578.88
Denmark,DNK,2016-01,7270.45
Denmark,DNK,2016-02,7112.11
Denmark,DNK,2016-03,4599.12
Denmark,DNK,2016-04,3605.26
Denmark,DNK,2016-05,76967.58
Denmark,DNK,2016-06,28115.38
Dominican Republic,DOM,2015-03,59.15
Dominican Republic,DOM,2015-04,6.49
Dominican Republic,DOM,2016-02,53.10
Dominican Republic,DOM,2016-03,55.00
Dominican Republic,DOM,2016-04,9.17
Dominican Republic,DOM,2016-05,16.17
Ecuador,ECU,2015-01,61.77
Ecuador,ECU,2015-02,5.13
Ecuador,ECU,2015-03,18.82
Ecuador,ECU,2015-04,29.61
Ecuador,ECU,2015-05,49.26
Ecuador,ECU,2015-06,39.08
Ecuador,ECU,2015-07,680.63
Ecuador,ECU,2015-08,47.86
Ecuador,ECU,2015-09,424.43
Ecuador,ECU,2015-10,192.40
Ecuador,ECU,2015-11,561.37
Ecuador,ECU,2015-12,292.88
Ecuador,ECU,2016-01,401.80
Ecuador,ECU,2016-02,450.23
Ecuador,ECU,2016-03,575.26
Ecuador,ECU,2016-04,741.57
Ecuador,ECU,2016-05,1163.60
Ecuador,ECU,2016-06,1273.46
Egypt,EGY,2015-01,325.09
Egypt,EGY,2015-02,593.34
Egypt,EGY,2015-03,634.82
Egypt,EGY,2015-04,689.71
Egypt,EGY,2015-05,1935.27
Egypt,EGY,2015-06,798.97
Egypt,EGY,2015-07,931.65
Egypt,EGY,2015-08,6856.95
Egypt,EGY,2015-09,3442.99
Egypt,EGY,2015-10,7728.63
Egypt,EGY,2015-11,6394.97
Egypt,EGY,2015-12,31000.87
Egypt,EGY,2016-01,7103.92
Egypt,EGY,2016-02,7421.82
Egypt,EGY,2016-03,19692.00
Egypt,EGY,2016-04,13681.78
Egypt,EGY,2016-05,10335.21
Egypt,EGY,2016-06,14961.50
El Salvador,SLV,2015-06,16.68
El Salvador,SLV,2015-12,40.81
El Salvador,SLV,2016-01,33.71
El Salvador,SLV,2016-02,9.48
El Salvador,SLV,2016-05,1013.97
El Salvador,SLV,2016-06,391.56
Estonia,EST,2015-03,1.58
Estonia,EST,2015-04,8.21
Estonia,EST,2015-07,7.27
Estonia,EST,2015-12,19.17
Estonia,EST,2016-01,20.19
Estonia,EST,2016-02,22.35
Estonia,EST,2016-03,20.14
Estonia,EST,2016-04,10.33
Estonia,EST,2016-05,49.20
Estonia,EST,2016-06,4.18
Ethiopia,ETH,2015-12,311.56
Ethiopia,ETH,2016-01,24.94
Ethiopia,ETH,2016-02,24.17
Ethiopia,ETH,2016-03,26.21
Ethiopia,ETH,2016-04,24.94
Ethiopia,ETH,2016-05,26.68
Ethiopia,ETH,2016-06,25.84
Fiji,FJI,2015-11,5.06
Finland,FIN,2015-01,607.12
Finland,FIN,2015-02,559.22
Finland,FIN,2015-03,582.72
Finland,FIN,2015-04,834.08
Finland,FIN,2015-05,1128.20
Finland,FIN,2015-06,1542.50
Finland,FIN,2015-07,1613.45
Finland,FIN,2015-08,4234.26
Finland,FIN,2015-09,2587.39
Finland,FIN,2015-10,4060.21
Finland,FIN,2015-11,7396.40
Finland,FIN,2015-12,6039.81
Finland,FIN,2016-01,7316.68
Finland,FIN,2016-02,8692.79
Finland,FIN,2016-03,11124.70
Finland,FIN,2016-04,12359.94
Finland,FIN,2016-05,14562.88
Finland,FIN,2016-06,12195.18
France,FRA,2015-01,28097.96
France,FRA,2015-02,26571.07
France,FRA,2015-03,33044.07
France,FRA,2015-04,44567.58
France,FRA,2015-05,45199.62
France,FRA,2015-06,42575.36
France,FRA,2015-07,45921.26
France,FRA,2015-08,53111.41
France,FRA,2015-09,65575.22
France,FRA,2015-10,80429.38
France,FRA,2015-11,440613.67
France,FRA,2015-12,137515.78
France,FRA,2016-01,129832.14
France,FRA,2016-02,115572.63
France,FRA,2016-03,139425.59
France,FRA,2016-04,84012.32
France,FRA,2016-05,115246.01
France,FRA,2016-06,141377.62
French Guiana,GUF,2015-02,5.96
French Polynesia,PYF,2015-07,19.41
French Polynesia,PYF,2015-08,19.41
French Polynesia,PYF,2015-09,18.15
French Polynesia,PYF,2015-10,19.41
French Polynesia,PYF,2015-11,18.15
French Polynesia,PYF,2015-12,19.41
French Polynesia,PYF,2016-01,18.15
Gabon,GAB,2015-04,7.39
Gabon,GAB,2016-01,1.31
Gabon,GAB,2016-02,11.87
Gambia,GMB,2016-03,35.03
Georgia,GEO,2015-03,31.96
Georgia,GEO,2015-04,75.58
Georgia,GEO,2015-05,60.43
Georgia,GEO,2015-06,58.41
Georgia,GEO,2015-07,64.29
Georgia,GEO,2015-08,7.39
Georgia,GEO,2015-09,23.87
Georgia,GEO,2015-10,39.64
Georgia,GEO,2015-11,68.24
Georgia,GEO,2015-12,69.04
Georgia,GEO,2016-01,49.55
Georgia,GEO,2016-02,50.51
Georgia,GEO,2016-03,117.60
Georgia,GEO,2016-04,23.14
Georgia,GEO,2016-05,15.03
Georgia,GEO,2016-06,25.84
Germany,DEU,2015-01,7770.44
Germany,DEU,2015-02,8931.29
Germany,DEU,2015-03,10571.52
Germany,DEU,2015-04,12293.81
Germany,DEU,2015-05,13343.28
Germany,DEU,2015-06,21585.62
Germany,DEU,2015-07,33710.07
Germany,DEU,2015-08,25966.77
Germany,DEU,2015-09,33462.42
Germany,DEU,2015-10,37351.02
Germany,DEU,2015-11,49749.13
Germany,DEU,2015-12,74619.38
Germany,DEU,2016-01,64825.75
Germany,DEU,2016-02,66467.84
Germany,DEU,2016-03,63984.38
Germany,DEU,2016-04,48747.29
Germany,DEU,2016-05,65344.10
Germany,DEU,2016-06,75855.75
Ghana,GHA,2015-06,5.70
Ghana,GHA,2015-07,30.17
Ghana,GHA,2015-08,190.86
Ghana,GHA,2015-09,177.30
Ghana,GHA,2015-10,20.67
Ghana,GHA,2015-11,1357.10
Ghana,GHA,2015-12,21.81
Ghana,GHA,2016-01,25.38
Ghana,GHA,2016-02,92.76
Ghana,GHA,2016-03,774.81
Ghana,GHA,2016-04,1074.02
Ghana,GHA,2016-05,305.97
Ghana,GHA,2016-06,31.37
Greece,GRC,2015-01,19.45
Greece,GRC,2015-02,15.62
Greece,GRC,2015-03,20.27
Greece,GRC,2015-04,18.15
Greece,GRC,2015-05,47.36
Greece,GRC,2015-06,81.52
Greece,GRC,2015-07,74.24
Greece,GRC,2015-08,129.80
Greece,GRC,2015-09,70.53
Greece,GRC,2015-10,153.88
Greece,GRC,2015-11,97.63
Greece,GRC,2015-12,100.48
Greece,GRC,2016-01,60.98
Greece,GRC,2016-02,111.82
Greece,GRC,2016-03,124.12
Greece,GRC,2016-04,72.40
Greece,GRC,2016-05,180.08
Greece,GRC,2016-06,453.89
Guatemala,GTM,2015-11,24.15
Guatemala,GTM,2016-03,5.14
Guatemala,GTM,2016-04,7.00
Guatemala,GTM,2016-05,31.60
Haiti,HTI,2015-07,1.70
Honduras,HND,2015-12,17.73
Honduras,HND,2016-01,57.80
Honduras,HND,2016-02,126.31
Honduras,HND,2016-03,134.30
Honduras,HND,2016-04,64.63
Honduras,HND,2016-05,121.14
Honduras,HND,2016-06,94.63
Hong Kong,HKG,2015-01,993.51
Hong Kong,HKG,2015-02,3546.86
Hong Kong,HKG,2015-03,771.21
Hong Kong,HKG,2015-04,3192.87
Hong Kong,HKG,2015-05,443.63
Hong Kong,HKG,2015-06,1646.67
Hong Kong,HKG,2015-07,468.35
Hong Kong,HKG,2015-08,1507.01
Hong Kong,HKG,2015-09,3699.25
Hong Kong,HKG,2015-10,2119.95
Hong Kong,HKG,2015-11,9021.84
Hong Kong,HKG,2015-12,7607.06
Hong Kong,HKG,2016-01,52166.57
Hong Kong,HKG,2016-02,5384.20
Hong Kong,HKG,2016-03,8346.05
Hong Kong,HKG,2016-04,9854.36
Hong Kong,HKG,2016-05,14038.74
Hong Kong,HKG,2016-06,10325.86
Hungary,HUN,2015-01,56.72
Hungary,HUN,2015-02,65.57
Hungary,HUN,2015-03,103.19
Hungary,HUN,2015-04,104.68
Hungary,HUN,2015-05,135.33
Hungary,HUN,2015-06,157.18
Hungary,HUN,2015-07,174.05
Hungary,HUN,2015-08,177.85
Hungary,HUN,2015-09,18072.61
Hungary,HUN,2015-10,1140.80
Hungary,HUN,2015-11,4857.92
Hungary,HUN,2015-12,3830.49
Hungary,HUN,2016-01,1310.01
Hungary,HUN,2016-02,786.83
Hungary,HUN,2016-03,807.99
Hungary,HUN,2016-04,473.82
Hungary,HUN,2016-05,496.04
Hungary,HUN,2016-06,566.65
Iceland,ISL,2015-03,11.48
Iceland,ISL,2015-08,11.80
Iceland,ISL,2015-10,125.79
Iceland,ISL,2015-11,241.90
Iceland,ISL,2015-12,48.17
Iceland,ISL,2016-03,45.11
Iceland,ISL,2016-04,11.87
Iceland,ISL,2016-05,1802.52
Iceland,ISL,2016-06,127.94
India,IND,2015-01,61757.63
India,IND,2015-02,47793.57
India,IND,2015-03,76351.88
India,IND,2015-04,86340.57
India,IND,2015-05,110565.41
India,IND,2015-06,99594.56
India,IND,2015-07,175833.15
India,IND,2015-08,188430.69
India,IND,2015-09,135826.09
India,IND,2015-10,191156.79
India,IND,2015-11,257257.15
India,IND,2015-12,329602.13
India,IND,2016-01,365373.03
India,IND,2016-02,465729.89
India,IND,2016-03,473514.10
India,IND,2016-04,429833.28
India,IND,2016-05,482870.35
India,IND,2016-06,514955.76
Indonesia,IDN,2015-01,49.38
Indonesia,IDN,2015-02,86.89
Indonesia,IDN,2015-03,216.39
Indonesia,IDN,2015-04,366.97
Indonesia,IDN,2015-05,272.18
Indonesia,IDN,2015-06,1560.72
Indonesia,IDN,2015-07,511.27
Indonesia,IDN,2015-08,217.38
Indonesia,IDN,2015-09,198.56
Indonesia,IDN,2015-10,512.22
Indonesia,IDN,2015-11,1455.11
Indonesia,IDN,2015-12,1845.22
Indonesia,IDN,2016-01,2833.91
Indonesia,IDN,2016-02,14327.93
Indonesia,IDN,2016-03,13491.72
Indonesia,IDN,2016-04,11147.89
Indonesia,IDN,2016-05,12219.11
Indonesia,IDN,2016-06,12515.69
Iraq,IRQ,2015-01,139.09
Iraq,IRQ,2015-02,122.91
Iraq,IRQ,2015-03,133.70
Iraq,IRQ,2015-04,133.70
Iraq,IRQ,2015-05,138.19
Iraq,IRQ,2015-06,133.70
Iraq,IRQ,2015-07,156.44
Iraq,IRQ,2015-08,143.59
Iraq,IRQ,2015-09,25.84
Iraq,IRQ,2015-10,8.68
Iraq,IRQ,2015-12,15.17
Iraq,IRQ,2016-03,42.06
Iraq,IRQ,2016-05,32.18
Iraq,IRQ,2016-06,46.78
Ireland,IRL,2015-01,1665.57
Ireland,IRL,2015-02,1445.33
Ireland,IRL,2015-03,1844.08
Ireland,IRL,2015-04,2478.34
Ireland,IRL,2015-05,3033.74
Ireland,IRL,2015-06,4895.87
Ireland,IRL,2015-07,6165.85
Ireland,IRL,2015-08,5881.36
Ireland,IRL,2015-09,6905.92
Ireland,IRL,2015-10,12868.42
Ireland,IRL,2015-11,15341.85
Ireland,IRL,2015-12,42713.05
Ireland,IRL,2016-01,74979.02
Ireland,IRL,2016-02,29841.41
Ireland,IRL,2016-03,15759.61
Ireland,IRL,2016-04,14212.54
Ireland,IRL,2016-05,32277.21
Ireland,IRL,2016-06,19554.36
Isle of Man,IMN,2016-04,1.52
Isle of Man,IMN,2016-05,23.05
Isle of Man,IMN,2016-06,22.67
Israel,ISR,2015-01,51089.51
Israel,ISR,2015-02,107469.90
Israel,ISR,2015-03,24276.53
Israel,ISR,2015-04,57816.54
Israel,ISR,2015-05,84503.17
Israel,ISR,2015-06,61415.28
Israel,ISR,2015-07,71784.74
Israel,ISR,2015-08,25324.20
Israel,ISR,2015-09,41862.34
Israel,ISR,2015-10,59883.37
Israel,ISR,2015-11,100155.25
Israel,ISR,2015-12,61667.16
Israel,ISR,2016-01,71442.24
Israel,ISR,2016-02,154966.13
Israel,ISR,2016-03,80990.01
Israel,ISR,2016-04,69217.77
Israel,ISR,2016-05,55233.32
Israel,ISR,2016-06,78458.10
Italy,ITA,2015-01,3953.73
Italy,ITA,2015-02,4265.82
Italy,ITA,2015-03,5486.42
Italy,ITA,2015-04,9187.66
Italy,ITA,2015-05,6715.36
Italy,ITA,2015-06,9081.24
Italy,ITA,2015-07,7595.22
Italy,ITA,2015-08,7832.95
Italy,ITA,2015-09,23520.17
Italy,ITA,2015-10,19126.59
Italy,ITA,2015-11,32423.19
Italy,ITA,2015-12,28976.92
Italy,ITA,2016-01,25581.56
Italy,ITA,2016-02,31485.38
Italy,ITA,2016-03,31757.04
Italy,ITA,2016-04,23748.04
Italy,ITA,2016-05,34859.81
Italy,ITA,2016-06,32911.53
Jamaica,JAM,2015-11,2.42
Jamaica,JAM,2016-06,15.05
Japan,JPN,2015-01,11445.79
Japan,JPN,2015-02,22392.06
Japan,JPN,2015-03,12894.18
Japan,JPN,2015-04,14722.09
Japan,JPN,2015-05,20115.68
Japan,JPN,2015-06,22431.71
Japan,JPN,2015-07,37445.68
Japan,JPN,2015-08,37582.31
Japan,JPN,2015-09,57762.27
Japan,JPN,2015-10,92880.69
Japan,JPN,2015-11,102928.23
Japan,JPN,2015-12,208171.44
Japan,JPN,2016-01,259724.53
Japan,JPN,2016-02,143481.92
Japan,JPN,2016-03,145305.35
Japan,JPN,2016-04,120860.06
Japan,JPN,2016-05,172218.94
Japan,JPN,2016-06,224442.27
Jordan,JOR,2015-09,15.18
Jordan,JOR,2015-11,2.62
Jordan,JOR,2015-12,4.41
Jordan,JOR,2016-02,24.04
Jordan,JOR,2016-03,29.51
Jordan,JOR,2016-04,23.70
Jordan,JOR,2016-05,7.03
Kazakhstan,KAZ,2015-03,24.68
Kazakhstan,KAZ,2015-04,27.20
Kazakhstan,KAZ,2015-05,15.93
Kazakhstan,KAZ,2015-07,14.44
Kazakhstan,KAZ,2015-08,31.23
Kazakhstan,KAZ,2015-09,135.12
Kazakhstan,KAZ,2015-10,41.57
Kazakhstan,KAZ,2015-11,86.75
Kazakhstan,KAZ,2015-12,69.21
Kazakhstan,KAZ,2016-01,269.08
Kazakhstan,KAZ,2016-02,9.68
Kazakhstan,KAZ,2016-03,20.44
Kazakhstan,KAZ,2016-04,40.91
Kazakhstan,KAZ,2016-05,73.89
Kazakhstan,KAZ,2016-06,22.51
Kenya,KEN,2015-01,903.90
Kenya,KEN,2015-02,1192.55
Kenya,KEN,2015-03,794.25
Kenya,KEN,2015-04,2448.09
Kenya,KEN,2015-05,1790.91
Kenya,KEN,2015-06,1453.83
Kenya,KEN,2015-07,3293.45
Kenya,KEN,2015-08,1614.10
Kenya,KEN,2015-09,1898.94
Kenya,KEN,2015-10,1342.26
Kenya,KEN,2015-11,1436.05
Kenya,KEN,2015-12,1914.72
Kenya,KEN,2016-01,3206.06
Kenya,KEN,2016-02,2280.81
Kenya,KEN,2016-03,5245.52
Kenya,KEN,2016-04,3251.82
Kenya,KEN,2016-05,3357.84
Kenya,KEN,2016-06,2660.74
Korea,KOR,2015-01,3503.31
Korea,KOR,2015-02,852.74
Korea,KOR,2015-03,848.03
Korea,KOR,2015-04,866.55
Korea,KOR,2015-05,2520.49
Korea,KOR,2015-06,22763.88
Korea,KOR,2015-07,5506.02
Korea,KOR,2015-08,4231.36
Korea,KOR,2015-09,4009.07
Korea,KOR,2015-10,5161.06
Korea,KOR,2015-11,7289.68
Korea,KOR,2015-12,14459.74
Korea,KOR,2016-01,9271.73
Korea,KOR,2016-02,10463.87
Korea,KOR,2016-03,14995.47
Korea,KOR,2016-04,23926.58
Korea,KOR,2016-05,17590.12
Korea,KOR,2016-06,25113.28
Kuwait,KWT,2015-05,7.72
Kuwait,KWT,2015-06,8.98
Kuwait,KWT,2016-03,621.29
Kuwait,KWT,2016-04,1070.00
Kuwait,KWT,2016-05,517.74
Kuwait,KWT,2016-06,160.50
Kyrgyzstan,KGZ,2016-01,22.70
Laos,LAO,2015-02,1312.50
Laos,LAO,2015-03,116.25
Laos,LAO,2015-04,25.06
Laos,LAO,2015-05,41.46
Laos,LAO,2015-06,51.82
Laos,LAO,2015-07,34.80
Laos,LAO,2015-08,39.29
Laos,LAO,2015-09,62.41
Laos,LAO,2015-10,393.47
Laos,LAO,2015-11,205.99
Laos,LAO,2015-12,190.73
Laos,LAO,2016-01,100.32
Laos,LAO,2016-02,175.84
Laos,LAO,2016-03,235.41
Laos,LAO,2016-04,223.82
Laos,LAO,2016-05,284.39
Laos,LAO,2016-06,254.42
Latvia,LVA,2015-10,4.38
Latvia,LVA,2015-11,14.03
Latvia,LVA,2015-12,19.34
Latvia,LVA,2016-01,18.22
Latvia,LVA,2016-03,6.71
Latvia,LVA,2016-04,443.19
Latvia,LVA,2016-05,764.97
Latvia,LVA,2016-06,143.43
Lebanon,LBN,2015-06,20.80
Lebanon,LBN,2015-10,44.58
Lebanon,LBN,2015-12,139.82
Lebanon,LBN,2016-01,51.66
Lebanon,LBN,2016-02,4098.17
Lebanon,LBN,2016-03,80.69
Lebanon,LBN,2016-04,64.96
Lebanon,LBN,2016-05,33.15
Lebanon,LBN,2016-06,24.79
Libyan Arab Jamahiriya,LBY,2016-03,3.15
Libyan Arab Jamahiriya,LBY,2016-06,10.90
Liechtenstein,LIE,2016-03,64.98
Liechtenstein,LIE,2016-04,57.19
Liechtenstein,LIE,2016-05,58.06
Lithuania,LTU,2015-01,66.24
Lithuania,LTU,2015-02,72.68
Lithuania,LTU,2015-03,78.85
Lithuania,LTU,2015-04,1036.03
Lithuania,LTU,2015-05,3899.34
Lithuania,LTU,2015-06,124.00
Lithuania,LTU,2015-07,1993.84
Lithuania,LTU,2015-08,142.24
Lithuania,LTU,2015-09,179.63
Lithuania,LTU,2015-10,310.34
Lithuania,LTU,2015-11,292.76
Lithuania,LTU,2015-12,1103.55
Lithuania,LTU,2016-01,369.57
Lithuania,LTU,2016-02,397.60
Lithuania,LTU,2016-03,353.61
Lithuania,LTU,2016-04,473.56
Lithuania,LTU,2016-05,623.42
Lithuania,LTU,2016-06,565.99
Luxembourg,LUX,2015-02,24.46
Luxembourg,LUX,2015-03,30.77
Luxembourg,LUX,2015-04,27.62
Luxembourg,LUX,2015-05,29.19
Luxembourg,LUX,2015-06,27.62
Luxembourg,LUX,2015-07,29.19
Luxembourg,LUX,2015-08,35.85
Luxembourg,LUX,2015-09,26.04
Luxembourg,LUX,2015-10,29.19
Luxembourg,LUX,2015-11,39.98
Luxembourg,LUX,2015-12,27.76
Luxembourg,LUX,2016-01,25.14
Luxembourg,LUX,2016-02,58.77
Luxembourg,LUX,2016-03,61.61
Luxembourg,LUX,2016-04,64.59
Luxembourg,LUX,2016-05,49.59
Luxembourg,LUX,2016-06,56.03
Macau,MAC,2015-06,69.06
Macau,MAC,2015-09,13.93
Macau,MAC,2015-11,31.75
Macau,MAC,2015-12,51.82
Macau,MAC,2016-01,50.94
Macau,MAC,2016-02,58.72
Macau,MAC,2016-03,22.10
Macau,MAC,2016-04,3.30
Macedonia,MKD,2015-05,4.97
Macedonia,MKD,2015-06,87.91
Macedonia,MKD,2015-07,111.08
Macedonia,MKD,2015-08,49.67
Macedonia,MKD,2015-09,168.31
Macedonia,MKD,2015-10,48.01
Macedonia,MKD,2015-11,132.45
Macedonia,MKD,2015-12,11.72
Macedonia,MKD,2016-01,26.93
Macedonia,MKD,2016-02,24.40
Macedonia,MKD,2016-03,2.91
Macedonia,MKD,2016-04,31.25
Macedonia,MKD,2016-05,6.58
Madagascar,MDG,2015-11,12.36
Malawi,MWI,2015-10,13.65
Malawi,MWI,2015-11,110.08
Malawi,MWI,2015-12,17.66
Malawi,MWI,2016-04,3.29
Malawi,MWI,2016-05,9.14
Malaysia,MYS,2015-01,1243.83
Malaysia,MYS,2015-02,2560.77
Malaysia,MYS,2015-03,1061.28
Malaysia,MYS,2015-04,1260.00
Malaysia,MYS,2015-05,944.27
Malaysia,MYS,2015-06,890.79
Malaysia,MYS,2015-07,822.97
Malaysia,MYS,2015-08,1071.21
Malaysia,MYS,2015-09,1059.45
Malaysia,MYS,2015-10,4701.75
Malaysia,MYS,2015-11,4052.28
Malaysia,MYS,2015-12,6648.17
Malaysia,MYS,2016-01,5616.17
Malaysia,MYS,2016-02,4245.88
Malaysia,MYS,2016-03,7115.08
Malaysia,MYS,2016-04,8448.10
Malaysia,MYS,2016-05,3886.24
Malaysia,MYS,2016-06,233173.24
Maldives,MDV,2015-04,48.30
Mali,MLI,2015-12,12.49
Malta,MLT,2015-03,9.83
Malta,MLT,2015-11,3.51
Malta,MLT,2015-12,7.03
Malta,MLT,2016-01,7.28
Marshall Islands,MHL,2015-11,8.00
Mauritius,MUS,2015-05,63.23
Mauritius,MUS,2015-06,272.61
Mauritius,MUS,2015-09,14.20
Mauritius,MUS,2015-10,45.45
Mauritius,MUS,2015-11,92.66
Mauritius,MUS,2015-12,285.69
Mauritius,MUS,2016-01,664.52
Mauritius,MUS,2016-02,62.52
Mauritius,MUS,2016-03,70.65
Mauritius,MUS,2016-04,38.42
Mauritius,MUS,2016-05,2156.05
Mauritius,MUS,2016-06,2366.42
Mexico,MEX,2015-01,469.19
Mexico,MEX,2015-02,583.45
Mexico,MEX,2015-03,2488.95
Mexico,MEX,2015-04,1200.30
Mexico,MEX,2015-05,1308.16
Mexico,MEX,2015-06,4682.91
Mexico,MEX,2015-07,7560.47
Mexico,MEX,2015-08,4810.92
Mexico,MEX,2015-09,7077.86
Mexico,MEX,2015-10,8716.41
Mexico,MEX,2015-11,14926.81
Mexico,MEX,2015-12,19439.83
Mexico,MEX,2016-01,16551.78
Mexico,MEX,2016-02,14370.13
Mexico,MEX,2016-03,17917.69
Mexico,MEX,2016-04,17831.09
Mexico,MEX,2016-05,22234.68
Mexico,MEX,2016-06,21993.09
Moldova,MDA,2015-10,4014.00
Mongolia,MNG,2016-01,7189.11
Mongolia,MNG,2016-02,1659.65
Mongolia,MNG,2016-03,2052.21
Mongolia,MNG,2016-04,315.00
Mongolia,MNG,2016-05,11.27
Mongolia,MNG,2016-06,19.50
Montenegro,MNE,2015-11,5.17
Montenegro,MNE,2016-05,1.78
Montenegro,MNE,2016-06,1.24
Morocco,MAR,2015-01,20.67
Morocco,MAR,2015-02,181.19
Morocco,MAR,2015-03,105.88
Morocco,MAR,2015-04,630.18
Morocco,MAR,2015-05,2689.53
Morocco,MAR,2015-06,828.35
Morocco,MAR,2015-07,448.67
Morocco,MAR,2015-08,827.53
Morocco,MAR,2015-09,803.24
Morocco,MAR,2015-10,838.06
Morocco,MAR,2015-11,791.22
Morocco,MAR,2015-12,1266.19
Morocco,MAR,2016-01,2620.72
Morocco,MAR,2016-02,2193.32
Morocco,MAR,2016-03,2976.57
Morocco,MAR,2016-04,1654.75
Morocco,MAR,2016-05,1716.13
Morocco,MAR,2016-06,2206.46
Myanmar,MMR,2016-01,4.41
Myanmar,MMR,2016-02,50.31
Myanmar,MMR,2016-03,12.42
Myanmar,MMR,2016-06,2.20
Namibia,NAM,2015-06,17.43
Namibia,NAM,2016-03,276.56
Nepal,NPL,2015-04,270.19
Nepal,NPL,2015-05,90.56
Nepal,NPL,2015-09,21.43
Nepal,NPL,2015-10,20.10
Nepal,NPL,2015-11,25.35
Nepal,NPL,2015-12,5.93
Nepal,NPL,2016-03,571.32
Nepal,NPL,2016-04,1050.00
Nepal,NPL,2016-05,525.00
Nepal,NPL,2016-06,178.28
Netherlands,NLD,2015-01,2542.47
Netherlands,NLD,2015-02,2709.48
Netherlands,NLD,2015-03,2965.01
Netherlands,NLD,2015-04,5296.11
Netherlands,NLD,2015-05,2849.71
Netherlands,NLD,2015-06,24387.59
Netherlands,NLD,2015-07,20503.76
Netherlands,NLD,2015-08,10477.30
Netherlands,NLD,2015-09,15811.25
Netherlands,NLD,2015-10,28477.75
Netherlands,NLD,2015-11,122999.31
Netherlands,NLD,2015-12,15028.21
Netherlands,NLD,2016-01,12478.03
Netherlands,NLD,2016-02,17766.32
Netherlands,NLD,2016-03,17697.13
Netherlands,NLD,2016-04,21320.72
Netherlands,NLD,2016-05,44422.44
Netherlands,NLD,2016-06,57499.02
Netherlands Antilles,ANT,2015-01,25.83
Netherlands Antilles,ANT,2015-02,20.79
Netherlands Antilles,ANT,2015-03,24.15
Netherlands Antilles,ANT,2015-04,24.15
Netherlands Antilles,ANT,2015-05,25.83
Netherlands Antilles,ANT,2015-06,22.53
New Caledonia,NCL,2015-01,70.00
New Caledonia,NCL,2015-02,61.95
New Caledonia,NCL,2015-03,67.69
New Caledonia,NCL,2015-04,57.82
New Caledonia,NCL,2015-05,70.58
New Caledonia,NCL,2015-06,53.49
New Caledonia,NCL,2015-07,45.15
New Caledonia,NCL,2015-08,52.01
New Caledonia,NCL,2015-09,33.05
New Caledonia,NCL,2015-10,66.01
New Caledonia,NCL,2015-11,1217.19
New Caledonia,NCL,2015-12,826.34
New Caledonia,NCL,2016-01,96.89
New Caledonia,NCL,2016-02,86.36
New Caledonia,NCL,2016-03,75.81
New Caledonia,NCL,2016-04,29.81
New Caledonia,NCL,2016-05,49.64
New Caledonia,NCL,2016-06,42.66
New Zealand,NZL,2015-01,383.34
New Zealand,NZL,2015-02,1244.37
New Zealand,NZL,2015-03,611.30
New Zealand,NZL,2015-04,890.88
New Zealand,NZL,2015-05,911.84
New Zealand,NZL,2015-06,1833.08
New Zealand,NZL,2015-07,981.16
New Zealand,NZL,2015-08,1012.24
New Zealand,NZL,2015-09,1433.40
New Zealand,NZL,2015-10,2902.79
New Zealand,NZL,2015-11,2035.31
New Zealand,NZL,2015-12,2790.00
New Zealand,NZL,2016-01,2667.88
New Zealand,NZL,2016-02,2413.53
New Zealand,NZL,2016-03,2090.12
New Zealand,NZL,2016-04,2138.62
New Zealand,NZL,2016-05,2529.44
New Zealand,NZL,2016-06,1941.84
Nicaragua,NIC,2016-05,31.82
Nicaragua,NIC,2016-06,24.10
Nigeria,NGA,2015-01,42.74
Nigeria,NGA,2015-02,93.88
Nigeria,NGA,2015-03,27.84
Nigeria,NGA,2015-04,31.49
Nigeria,NGA,2015-05,186.53
Nigeria,NGA,2015-06,356.32
Nigeria,NGA,2015-07,485.74
Nigeria,NGA,2015-08,683.79
Nigeria,NGA,2015-09,685.39
Nigeria,NGA,2015-10,481.89
Nigeria,NGA,2015-11,1462.64
Nigeria,NGA,2015-12,952.58
Nigeria,NGA,2016-01,4106.88
Nigeria,NGA,2016-02,1944.78
Nigeria,NGA,2016-03,2468.66
Nigeria,NGA,2016-04,1829.41
Nigeria,NGA,2016-05,1060.20
Nigeria,NGA,2016-06,1035.28
Norway,NOR,2015-01,411.46
Norway,NOR,2015-02,497.95
Norway,NOR,2015-03,760.22
Norway,NOR,2015-04,887.22
Norway,NOR,2015-05,890.02
Norway,NOR,2015-06,1119.20
Norway,NOR,2015-07,1153.46
Norway,NOR,2015-08,1141.28
Norway,NOR,2015-09,1550.04
Norway,NOR,2015-10,2019.04
Norway,NOR,2015-11,3627.68
Norway,NOR,2015-12,3811.85
Norway,NOR,2016-01,3747.53
Norway,NOR,2016-02,5945.28
Norway,NOR,2016-03,9239.24
Norway,NOR,2016-04,6452.91
Norway,NOR,2016-05,7929.38
Norway,NOR,2016-06,10020.73
Oman,OMN,2015-06,23.68
Oman,OMN,2016-02,7.48
Oman,OMN,2016-03,13.93
Oman,OMN,2016-04,5.76
Oman,OMN,2016-05,8.00
Pakistan,PAK,2015-01,101.49
Pakistan,PAK,2015-02,1392.16
Pakistan,PAK,2015-03,69.66
Pakistan,PAK,2015-04,123.45
Pakistan,PAK,2015-05,168.48
Pakistan,PAK,2015-06,62.11
Pakistan,PAK,2015-07,87.07
Pakistan,PAK,2015-08,74.00
Pakistan,PAK,2015-09,79.27
Pakistan,PAK,2015-10,64.83
Pakistan,PAK,2015-11,242.77
Pakistan,PAK,2015-12,1982.60
Pakistan,PAK,2016-01,2774.37
Pakistan,PAK,2016-02,1969.47
Pakistan,PAK,2016-03,5812.30
Pakistan,PAK,2016-04,445.42
Pakistan,PAK,2016-05,1029.74
Pakistan,PAK,2016-06,1623.43
Panama,PAN,2015-12,5220.40
Panama,PAN,2016-01,5009.88
Panama,PAN,2016-02,2859.14
Panama,PAN,2016-03,7763.10
Panama,PAN,2016-04,2753.24
Panama,PAN,2016-05,15168.30
Panama,PAN,2016-06,36676.58
Paraguay,PRY,2015-12,37.10
Paraguay,PRY,2016-01,2.04
Paraguay,PRY,2016-06,244.25
Peru,PER,2015-01,86.97
Peru,PER,2015-02,175.34
Peru,PER,2015-03,205.44
Peru,PER,2015-04,2131.51
Peru,PER,2015-05,580.88
Peru,PER,2015-06,558.49
Peru,PER,2015-07,616.81
Peru,PER,2015-08,514.74
Peru,PER,2015-09,2537.61
Peru,PER,2015-10,3917.14
Peru,PER,2015-11,2940.13
Peru,PER,2015-12,50023.21
Peru,PER,2016-01,11134.10
Peru,PER,2016-02,10973.66
Peru,PER,2016-03,10530.80
Peru,PER,2016-04,12359.99
Peru,PER,2016-05,10417.47
Peru,PER,2016-06,11219.78
Philippines,PHL,2015-01,3090.68
Philippines,PHL,2015-02,2462.32
Philippines,PHL,2015-03,4226.75
Philippines,PHL,2015-04,1226.93
Philippines,PHL,2015-05,6645.35
Philippines,PHL,2015-06,1295.63
Philippines,PHL,2015-07,6492.55
Philippines,PHL,2015-08,44850.08
Philippines,PHL,2015-09,13892.10
Philippines,PHL,2015-10,82660.36
Philippines,PHL,2015-11,4031.14
Philippines,PHL,2015-12,4252.55
Philippines,PHL,2016-01,7914.05
Philippines,PHL,2016-02,5271.30
Philippines,PHL,2016-03,5135.98
Philippines,PHL,2016-04,7919.23
Philippines,PHL,2016-05,10232.96
Philippines,PHL,2016-06,9734.60
Poland,POL,2015-01,893.60
Poland,POL,2015-02,857.35
Poland,POL,2015-03,1016.36
Poland,POL,2015-04,1084.68
Poland,POL,2015-05,953.43
Poland,POL,2015-06,735.34
Poland,POL,2015-07,721.53
Poland,POL,2015-08,1135.52
Poland,POL,2015-09,1954.98
Poland,POL,2015-10,9577.56
Poland,POL,2015-11,5421.03
Poland,POL,2015-12,7642.02
Poland,POL,2016-01,7033.95
Poland,POL,2016-02,11089.12
Poland,POL,2016-03,8487.96
Poland,POL,2016-04,9342.98
Poland,POL,2016-05,8888.55
Poland,POL,2016-06,7037.72
Portugal,PRT,2015-01,30.73
Portugal,PRT,2015-02,51.34
Portugal,PRT,2015-03,231.43
Portugal,PRT,2015-04,414.03
Portugal,PRT,2015-05,394.95
Portugal,PRT,2015-06,428.97
Portugal,PRT,2015-07,660.85
Portugal,PRT,2015-08,636.62
Portugal,PRT,2015-09,401.94
Portugal,PRT,2015-10,386.25
Portugal,PRT,2015-11,921.11
Portugal,PRT,2015-12,1752.63
Portugal,PRT,2016-01,2288.82
Portugal,PRT,2016-02,4820.66
Portugal,PRT,2016-03,2924.64
Portugal,PRT,2016-04,2854.76
Portugal,PRT,2016-05,2782.62
Portugal,PRT,2016-06,3030.41
Puerto Rico,PRI,2015-03,2.24
Puerto Rico,PRI,2015-08,5.76
Puerto Rico,PRI,2016-05,5.16
Puerto Rico,PRI,2016-06,32.67
Qatar,QAT,2015-06,34.26
Qatar,QAT,2015-07,86.02
Qatar,QAT,2015-08,115.79
Qatar,QAT,2015-09,112.52
Qatar,QAT,2015-10,178.51
Qatar,QAT,2015-11,178.61
Qatar,QAT,2015-12,162.41
Qatar,QAT,2016-01,230.82
Qatar,QAT,2016-02,5689.40
Qatar,QAT,2016-03,165.33
Qatar,QAT,2016-04,190.78
Qatar,QAT,2016-05,284.10
Qatar,QAT,2016-06,245.59
Reunion,REU,2016-02,20.69
Reunion,REU,2016-03,130.65
Reunion,REU,2016-04,280.00
Reunion,REU,2016-05,812.90
Reunion,REU,2016-06,1050.00
Romania,ROU,2015-01,157.34
Romania,ROU,2015-02,141.72
Romania,ROU,2015-03,208.61
Romania,ROU,2015-04,275.52
Romania,ROU,2015-05,281.59
Romania,ROU,2015-06,396.07
Romania,ROU,2015-07,487.71
Romania,ROU,2015-08,534.63
Romania,ROU,2015-09,521.81
Romania,ROU,2015-10,635.17
Romania,ROU,2015-11,629.43
Romania,ROU,2015-12,2735.34
Romania,ROU,2016-01,835.52
Romania,ROU,2016-02,1302.52
Romania,ROU,2016-03,2167.97
Romania,ROU,2016-04,1875.35
Romania,ROU,2016-05,3025.47
Romania,ROU,2016-06,1685.51
Russia,RUS,2015-01,207.51
Russia,RUS,2015-02,186.45
Russia,RUS,2015-03,275.25
Russia,RUS,2015-04,438.64
Russia,RUS,2015-05,353.36
Russia,RUS,2015-06,497.67
Russia,RUS,2015-07,3447.76
Russia,RUS,2015-08,555.96
Russia,RUS,2015-09,893.99
Russia,RUS,2015-10,2209.00
Russia,RUS,2015-11,3310.89
Russia,RUS,2015-12,6089.47
Russia,RUS,2016-01,9217.75
Russia,RUS,2016-02,363441.76
Russia,RUS,2016-03,526895.99
Russia,RUS,2016-04,82996.20
Russia,RUS,2016-05,92036.86
Russia,RUS,2016-06,29401.03
Rwanda,RWA,2015-12,89.48
Rwanda,RWA,2016-03,654.35
Rwanda,RWA,2016-04,963.00
Rwanda,RWA,2016-05,535.00
Rwanda,RWA,2016-06,160.50
Saint-BarthÃ©lemy,BLM,2015-11,6.15
Saint-BarthÃ©lemy,BLM,2015-12,101.17
Saint-BarthÃ©lemy,BLM,2016-02,948.05
San Marino,SMR,2016-05,3.94
Sao Thome Island,STP,2016-02,36.02
Saudi Arabia,SAU,2015-04,175.90
Saudi Arabia,SAU,2015-05,170.89
Saudi Arabia,SAU,2015-06,205.67
Saudi Arabia,SAU,2015-07,191.14
Saudi Arabia,SAU,2015-08,365.98
Saudi Arabia,SAU,2015-09,351.18
Saudi Arabia,SAU,2015-10,187.29
Saudi Arabia,SAU,2015-11,4046.17
Saudi Arabia,SAU,2015-12,589.93
Saudi Arabia,SAU,2016-01,476.35
Saudi Arabia,SAU,2016-02,726.41
Saudi Arabia,SAU,2016-03,1426.97
Saudi Arabia,SAU,2016-04,3161.60
Saudi Arabia,SAU,2016-05,1618.08
Saudi Arabia,SAU,2016-06,1680.02
Senegal,SEN,2015-01,55.50
Senegal,SEN,2015-02,47.41
Senegal,SEN,2015-03,16.26
Senegal,SEN,2015-04,4.67
Senegal,SEN,2015-06,3.92
Senegal,SEN,2015-07,163.26
Senegal,SEN,2015-08,69.93
Senegal,SEN,2015-09,314.21
Senegal,SEN,2015-10,34.17
Senegal,SEN,2016-02,54.04
Senegal,SEN,2016-03,30.88
Senegal,SEN,2016-04,17.49
Senegal,SEN,2016-06,34.30
Serbia,SRB,2015-02,2.90
Serbia,SRB,2015-03,204.55
Serbia,SRB,2015-04,406.53
Serbia,SRB,2015-05,506.83
Serbia,SRB,2015-06,1525.45
Serbia,SRB,2015-07,4709.96
Serbia,SRB,2015-08,4646.99
Serbia,SRB,2015-09,2078.17
Serbia,SRB,2015-10,7023.14
Serbia,SRB,2015-11,1691.86
Serbia,SRB,2015-12,1172.88
Serbia,SRB,2016-01,844.49
Serbia,SRB,2016-02,308.18
Serbia,SRB,2016-03,202.19
Serbia,SRB,2016-04,121.86
Serbia,SRB,2016-05,55.80
Serbia,SRB,2016-06,494.28
Seychelles,SYC,2016-05,15.80
Singapore,SGP,2015-01,5466.87
Singapore,SGP,2015-02,7220.94
Singapore,SGP,2015-03,15202.59
Singapore,SGP,2015-04,13536.32
Singapore,SGP,2015-05,8120.69
Singapore,SGP,2015-06,8052.35
Singapore,SGP,2015-07,3869.62
Singapore,SGP,2015-08,7157.85
Singapore,SGP,2015-09,13308.06
Singapore,SGP,2015-10,18699.95
Singapore,SGP,2015-11,20630.40
Singapore,SGP,2015-12,23804.47
Singapore,SGP,2016-01,28185.65
Singapore,SGP,2016-02,36608.36
Singapore,SGP,2016-03,36483.90
Singapore,SGP,2016-04,38952.21
Singapore,SGP,2016-05,43199.22
Singapore,SGP,2016-06,79739.24
Slovakia,SVK,2015-01,354.39
Slovakia,SVK,2015-02,349.32
Slovakia,SVK,2015-03,349.23
Slovakia,SVK,2015-04,322.82
Slovakia,SVK,2015-05,1085.22
Slovakia,SVK,2015-06,30.35
Slovakia,SVK,2015-07,38.50
Slovakia,SVK,2015-08,168.48
Slovakia,SVK,2015-09,149.91
Slovakia,SVK,2015-10,293.43
Slovakia,SVK,2015-11,219.41
Slovakia,SVK,2015-12,1300.08
Slovakia,SVK,2016-01,402.60
Slovakia,SVK,2016-02,414.33
Slovakia,SVK,2016-03,337.54
Slovakia,SVK,2016-04,362.23
Slovakia,SVK,2016-05,681.76
Slovakia,SVK,2016-06,676.09
Slovenia,SVN,2015-01,111.29
Slovenia,SVN,2015-02,52.66
Slovenia,SVN,2015-03,82.31
Slovenia,SVN,2015-04,113.15
Slovenia,SVN,2015-05,92.04
Slovenia,SVN,2015-06,223.11
Slovenia,SVN,2015-07,167.87
Slovenia,SVN,2015-08,176.41
Slovenia,SVN,2015-09,259.19
Slovenia,SVN,2015-10,318.73
Slovenia,SVN,2015-11,387.71
Slovenia,SVN,2015-12,734.96
Slovenia,SVN,2016-01,576.84
Slovenia,SVN,2016-02,309.77
Slovenia,SVN,2016-03,333.93
Slovenia,SVN,2016-04,263.56
Slovenia,SVN,2016-05,384.41
Slovenia,SVN,2016-06,516.01
South Africa,ZAF,2015-01,290.75
South Africa,ZAF,2015-02,199.59
South Africa,ZAF,2015-03,542.39
South Africa,ZAF,2015-04,1250.39
South Africa,ZAF,2015-05,885.04
South Africa,ZAF,2015-06,355.65
South Africa,ZAF,2015-07,1871.66
South Africa,ZAF,2015-08,2366.96
South Africa,ZAF,2015-09,1624.23
South Africa,ZAF,2015-10,3685.21
South Africa,ZAF,2015-11,7524.96
South Africa,ZAF,2015-12,9654.66
South Africa,ZAF,2016-01,8121.11
South Africa,ZAF,2016-02,8267.02
South Africa,ZAF,2016-03,9403.17
South Africa,ZAF,2016-04,8111.80
South Africa,ZAF,2016-05,9996.43
South Africa,ZAF,2016-06,12018.40
South Sudan,SSD,2016-05,4.87
Spain,ESP,2015-01,3635.24
Spain,ESP,2015-02,2119.43
Spain,ESP,2015-03,2800.46
Spain,ESP,2015-04,3306.83
Spain,ESP,2015-05,3407.58
Spain,ESP,2015-06,3180.90
Spain,ESP,2015-07,3252.24
Spain,ESP,2015-08,5929.36
Spain,ESP,2015-09,9035.32
Spain,ESP,2015-10,8289.26
Spain,ESP,2015-11,10703.42
Spain,ESP,2015-12,13750.92
Spain,ESP,2016-01,14035.08
Spain,ESP,2016-02,14229.47
Spain,ESP,2016-03,15289.98
Spain,ESP,2016-04,14673.32
Spain,ESP,2016-05,18847.36
Spain,ESP,2016-06,18052.49
Sri Lanka,LKA,2015-02,13.96
Sri Lanka,LKA,2015-03,33.39
Sri Lanka,LKA,2015-07,261.65
Sri Lanka,LKA,2015-08,23.41
Sri Lanka,LKA,2015-09,10.18
Sri Lanka,LKA,2015-10,10.53
Sri Lanka,LKA,2015-11,12.20
Sri Lanka,LKA,2015-12,10.86
Sri Lanka,LKA,2016-01,697.25
Sri Lanka,LKA,2016-02,1097.67
Sri Lanka,LKA,2016-03,3891.28
Sri Lanka,LKA,2016-04,5616.93
Sri Lanka,LKA,2016-05,3725.08
Sri Lanka,LKA,2016-06,734.56
Sweden,SWE,2015-01,1339.38
Sweden,SWE,2015-02,1407.22
Sweden,SWE,2015-03,2553.43
Sweden,SWE,2015-04,1936.69
Sweden,SWE,2015-05,2237.79
Sweden,SWE,2015-06,8799.93
Sweden,SWE,2015-07,9926.70
Sweden,SWE,2015-08,5475.69
Sweden,SWE,2015-09,9225.73
Sweden,SWE,2015-10,7459.82
Sweden,SWE,2015-11,11056.50
Sweden,SWE,2015-12,8703.89
Sweden,SWE,2016-01,8554.78
Sweden,SWE,2016-02,10626.12
Sweden,SWE,2016-03,22130.44
Sweden,SWE,2016-04,12522.25
Sweden,SWE,2016-05,11778.70
Sweden,SWE,2016-06,16043.88
Switzerland,CHE,2015-01,1439.90
Switzerland,CHE,2015-02,608.46
Switzerland,CHE,2015-03,822.51
Switzerland,CHE,2015-04,957.34
Switzerland,CHE,2015-05,975.56
Switzerland,CHE,2015-06,3435.77
Switzerland,CHE,2015-07,3795.94
Switzerland,CHE,2015-08,2345.69
Switzerland,CHE,2015-09,2520.68
Switzerland,CHE,2015-10,5678.58
Switzerland,CHE,2015-11,9706.49
Switzerland,CHE,2015-12,13647.79
Switzerland,CHE,2016-01,15767.85
Switzerland,CHE,2016-02,13188.46
Switzerland,CHE,2016-03,11577.19
Switzerland,CHE,2016-04,7392.33
Switzerland,CHE,2016-05,16975.43
Switzerland,CHE,2016-06,15917.79
Taiwan,TWN,2015-01,21831.03
Taiwan,TWN,2015-02,1563.42
Taiwan,TWN,2015-03,1910.53
Taiwan,TWN,2015-04,2210.11
Taiwan,TWN,2015-05,2907.47
Taiwan,TWN,2015-06,3458.17
Taiwan,TWN,2015-07,6099.95
Taiwan,TWN,2015-08,11628.27
Taiwan,TWN,2015-09,3629.02
Taiwan,TWN,2015-10,8745.08
Taiwan,TWN,2015-11,12259.05
Taiwan,TWN,2015-12,18633.07
Taiwan,TWN,2016-01,30672.05
Taiwan,TWN,2016-02,18110.50
Taiwan,TWN,2016-03,34142.30
Taiwan,TWN,2016-04,34611.51
Taiwan,TWN,2016-05,26344.34
Taiwan,TWN,2016-06,29061.74
Tanzania,TZA,2015-08,535.28
Tanzania,TZA,2015-09,25.84
Tanzania,TZA,2015-10,24.41
Tanzania,TZA,2016-01,11.39
Tanzania,TZA,2016-02,10.24
Tanzania,TZA,2016-03,10.66
Tanzania,TZA,2016-04,1330.54
Tanzania,TZA,2016-05,514.58
Tanzania,TZA,2016-06,28.72
Thailand,THA,2015-01,2663.27
Thailand,THA,2015-02,2964.09
Thailand,THA,2015-03,3296.46
Thailand,THA,2015-04,2730.44
Thailand,THA,2015-05,5572.01
Thailand,THA,2015-06,3812.68
Thailand,THA,2015-07,7461.64
Thailand,THA,2015-08,4771.75
Thailand,THA,2015-09,7213.12
Thailand,THA,2015-10,10595.41
Thailand,THA,2015-11,9091.85
Thailand,THA,2015-12,8027.46
Thailand,THA,2016-01,10585.62
Thailand,THA,2016-02,11275.47
Thailand,THA,2016-03,14197.85
Thailand,THA,2016-04,11938.79
Thailand,THA,2016-05,11072.61
Thailand,THA,2016-06,10920.82
Trinidad and Tobago,TTO,2015-07,13.64
Trinidad and Tobago,TTO,2016-05,6.23
Tunisia,TUN,2015-01,20.67
Tunisia,TUN,2015-02,120.85
Tunisia,TUN,2015-03,1098.97
Tunisia,TUN,2015-04,541.48
Tunisia,TUN,2015-05,354.25
Tunisia,TUN,2015-06,244.26
Tunisia,TUN,2015-07,253.49
Tunisia,TUN,2015-08,271.45
Tunisia,TUN,2015-09,1579.83
Tunisia,TUN,2015-10,317.67
Tunisia,TUN,2015-11,496.47
Tunisia,TUN,2015-12,870.34
Tunisia,TUN,2016-01,433.95
Tunisia,TUN,2016-02,1246.47
Tunisia,TUN,2016-03,3005.14
Tunisia,TUN,2016-04,754.63
Tunisia,TUN,2016-05,926.70
Tunisia,TUN,2016-06,1514.53
Turkey,TUR,2015-01,330.20
Turkey,TUR,2015-02,268.54
Turkey,TUR,2015-03,831.34
Turkey,TUR,2015-04,974.91
Turkey,TUR,2015-05,571.67
Turkey,TUR,2015-06,480.20
Turkey,TUR,2015-07,553.80
Turkey,TUR,2015-08,489.45
Turkey,TUR,2015-09,683.57
Turkey,TUR,2015-10,1225.85
Turkey,TUR,2015-11,3128.16
Turkey,TUR,2015-12,7630.60
Turkey,TUR,2016-01,5011.71
Turkey,TUR,2016-02,6300.18
Turkey,TUR,2016-03,8051.74
Turkey,TUR,2016-04,5743.33
Turkey,TUR,2016-05,8186.49
Turkey,TUR,2016-06,7023.85
US Virgin Island,VIR,2016-06,30.67
Uganda,UGA,2015-06,25.84
Uganda,UGA,2015-07,27.64
Uganda,UGA,2015-08,33.13
Uganda,UGA,2015-09,29.21
Uganda,UGA,2015-10,27.64
Uganda,UGA,2015-11,26.59
Uganda,UGA,2015-12,56.12
Uganda,UGA,2016-01,58.20
Uganda,UGA,2016-02,68.50
Uganda,UGA,2016-03,165.92
Uganda,UGA,2016-05,25.84
Uganda,UGA,2016-06,25.84
Ukraine,UKR,2015-01,426.00
Ukraine,UKR,2015-02,426.00
Ukraine,UKR,2015-03,441.80
Ukraine,UKR,2015-04,518.30
Ukraine,UKR,2015-05,1607.34
Ukraine,UKR,2015-06,11.37
Ukraine,UKR,2015-07,31.26
Ukraine,UKR,2015-08,249.18
Ukraine,UKR,2015-09,561.36
Ukraine,UKR,2015-10,1529.65
Ukraine,UKR,2015-11,150.92
Ukraine,UKR,2015-12,614.03
Ukraine,UKR,2016-01,219.38
Ukraine,UKR,2016-02,1383.49
Ukraine,UKR,2016-03,2525.49
Ukraine,UKR,2016-04,1288.09
Ukraine,UKR,2016-05,3187.59
Ukraine,UKR,2016-06,2041.89
United Arab Emirates,ARE,2015-01,1181.81
United Arab Emirates,ARE,2015-02,1118.49
United Arab Emirates,ARE,2015-03,1190.67
United Arab Emirates,ARE,2015-04,2142.44
United Arab Emirates,ARE,2015-05,5219.51
United Arab Emirates,ARE,2015-06,410.08
United Arab Emirates,ARE,2015-07,1861.33
United Arab Emirates,ARE,2015-08,1217.44
United Arab Emirates,ARE,2015-09,1194.38
United Arab Emirates,ARE,2015-10,4395.33
United Arab Emirates,ARE,2015-11,3479.87
United Arab Emirates,ARE,2015-12,5368.20
United Arab Emirates,ARE,2016-01,5811.19
United Arab Emirates,ARE,2016-02,8781.33
United Arab Emirates,ARE,2016-03,5705.61
United Arab Emirates,ARE,2016-04,4811.48
United Arab Emirates,ARE,2016-05,4952.77
United Arab Emirates,ARE,2016-06,7613.41
United Kingdom,GBR,2015-01,53056.67
United Kingdom,GBR,2015-02,48509.21
United Kingdom,GBR,2015-03,22597.77
United Kingdom,GBR,2015-04,70607.98
United Kingdom,GBR,2015-05,72086.64
United Kingdom,GBR,2015-06,85501.53
United Kingdom,GBR,2015-07,116168.82
United Kingdom,GBR,2015-08,505876.55
United Kingdom,GBR,2015-09,113897.81
United Kingdom,GBR,2015-10,146369.05
United Kingdom,GBR,2015-11,188389.86
United Kingdom,GBR,2015-12,292636.97
United Kingdom,GBR,2016-01,321267.25
United Kingdom,GBR,2016-02,205302.95
United Kingdom,GBR,2016-03,187892.07
United Kingdom,GBR,2016-04,139013.33
United Kingdom,GBR,2016-05,222070.78
United Kingdom,GBR,2016-06,245725.69
United States,USA,2015-01,214548.17
United States,USA,2015-02,391613.50
United States,USA,2015-03,334877.58
United States,USA,2015-04,14567289.28
United States,USA,2015-05,372209.74
United States,USA,2015-06,3117443.25
United States,USA,2015-07,11967669.23
United States,USA,2015-08,1107388.58
United States,USA,2015-09,1508214.27
United States,USA,2015-10,1406097.07
United States,USA,2015-11,1641616.64
United States,USA,2015-12,1755931.07
United States,USA,2016-01,1781642.39
United States,USA,2016-02,1573450.54
United States,USA,2016-03,1638394.53
United States,USA,2016-04,1243498.51
United States,USA,2016-05,1738682.83
United States,USA,2016-06,2114873.31
Uruguay,URY,2015-01,375.64
Uruguay,URY,2015-02,457.87
Uruguay,URY,2015-03,512.42
Uruguay,URY,2015-04,620.28
Uruguay,URY,2015-05,586.36
Uruguay,URY,2015-06,625.60
Uruguay,URY,2015-07,657.95
Uruguay,URY,2015-08,679.07
Uruguay,URY,2015-09,522.60
Uruguay,URY,2015-10,862.73
Uruguay,URY,2015-11,5472.50
Uruguay,URY,2015-12,3492.08
Uruguay,URY,2016-01,1204.89
Uruguay,URY,2016-02,871.32
Uruguay,URY,2016-03,756.95
Uruguay,URY,2016-04,971.28
Uruguay,URY,2016-05,1270.71
Uruguay,URY,2016-06,1503.67
Venezuela,VEN,2015-04,47.34
Venezuela,VEN,2015-05,29.70
Venezuela,VEN,2015-06,27.77
Venezuela,VEN,2015-07,29.70
Venezuela,VEN,2015-08,29.70
Venezuela,VEN,2015-09,27.77
Venezuela,VEN,2015-10,62.35
Venezuela,VEN,2015-11,56.11
Venezuela,VEN,2015-12,90.86
Venezuela,VEN,2016-01,172.93
Venezuela,VEN,2016-02,145.07
Venezuela,VEN,2016-03,141.21
Venezuela,VEN,2016-04,74.42
Venezuela,VEN,2016-05,162.74
Venezuela,VEN,2016-06,366.63
Viet Nam,VNM,2015-01,556.86
Viet Nam,VNM,2015-02,576.59
Viet Nam,VNM,2015-03,728.31
Viet Nam,VNM,2015-04,1042.99
Viet Nam,VNM,2015-05,680.66
Viet Nam,VNM,2015-06,825.79
Viet Nam,VNM,2015-07,604.23
Viet Nam,VNM,2015-08,1399.55
Viet Nam,VNM,2015-09,1963.41
Viet Nam,VNM,2015-10,3496.25
Viet Nam,VNM,2015-11,4405.45
Viet Nam,VNM,2015-12,6172.28
Viet Nam,VNM,2016-01,3606.82
Viet Nam,VNM,2016-02,4140.29
Viet Nam,VNM,2016-03,9795.41
Viet Nam,VNM,2016-04,8766.06
Viet Nam,VNM,2016-05,9216.87
Viet Nam,VNM,2016-06,4285.02
Wallis and Futuna,WLF,2015-07,9.62
Wallis and Futuna,WLF,2015-08,9.63
Wallis and Futuna,WLF,2015-09,8.68
Wallis and Futuna,WLF,2015-10,9.63
Wallis and Futuna,WLF,2015-11,8.68
Wallis and Futuna,WLF,2015-12,8.52
Wallis and Futuna,WLF,2016-01,6.97
Wallis and Futuna,WLF,2016-02,7.73
Wallis and Futuna,WLF,2016-03,6.15
Wallis and Futuna,WLF,2016-05,9.07
Wallis and Futuna,WLF,2016-06,4.78
Western Sahara,ESH,2015-02,12.80
Western Sahara,ESH,2015-03,17.09
Western Sahara,ESH,2015-05,8.48
Western Sahara,ESH,2015-06,1.02
Western Sahara,ESH,2015-07,6.74
Western Sahara,ESH,2016-01,12.09
Western Sahara,ESH,2016-02,7.36
Western Sahara,ESH,2016-04,4.48
Yemen,YEM,2015-09,28.46
Yemen,YEM,2015-10,33.04
Yemen,YEM,2015-11,32.39
Yemen,YEM,2015-12,33.15
Yemen,YEM,2016-01,33.53
Yemen,YEM,2016-02,31.66
Yemen,YEM,2016-03,31.92
Yemen,YEM,2016-04,32.39
Yemen,YEM,2016-05,32.89
Yemen,YEM,2016-06,4.80
Zimbabwe,ZWE,2016-06,374.50
